{"cameraMode":{"drawMode":0,"name":"Shaded","section":"Shading Mode"},"sceneLighting":true,"audioPlay":false,"sceneViewState":{"showFog":true,"showMaterialUpdate":true,"showSkybox":true,"showFlares":true,"showImageEffects":true,"showParticleSystems":true},"in2DMode":false,"pivot":{"x":-56.45101547241211,"y":-143.96875,"z":162.32723999023438},"rotation":{"x":0.37191832065582278,"y":-0.08614431321620941,"z":0.034701306372880939,"w":0.9236279129981995},"size":184.89248657226563,"orthographic":false}