{"cameraMode":{"drawMode":0,"name":"Shaded","section":"Shading Mode"},"sceneLighting":true,"audioPlay":false,"sceneViewState":{"showFog":true,"showMaterialUpdate":true,"showSkybox":true,"showFlares":true,"showImageEffects":true,"showParticleSystems":true},"in2DMode":false,"pivot":{"x":-3.002852439880371,"y":-2.9885013103485109,"z":-2.0444843769073488},"rotation":{"x":0.24012067914009095,"y":0.19781896471977235,"z":-0.05004991963505745,"w":0.9490553140640259},"size":9.89915943145752,"orthographic":false}