{"cameraMode":{"drawMode":0,"name":"Shaded","section":"Shading Mode"},"sceneLighting":true,"audioPlay":false,"sceneViewState":{"showFog":true,"showMaterialUpdate":true,"showSkybox":true,"showFlares":true,"showImageEffects":true,"showParticleSystems":true},"in2DMode":false,"pivot":{"x":56.28069305419922,"y":-59.669158935546878,"z":103.62923431396485},"rotation":{"x":0.24012067914009095,"y":0.19781896471977235,"z":-0.05004991963505745,"w":0.9490553140640259},"size":104.67579650878906,"orthographic":false}