{"cameraMode":{"drawMode":0,"name":"Shaded","section":"Shading Mode"},"sceneLighting":false,"audioPlay":false,"sceneViewState":{"showFog":true,"showMaterialUpdate":true,"showSkybox":false,"showFlares":true,"showImageEffects":true,"showParticleSystems":true},"in2DMode":false,"pivot":{"x":4.71999979019165,"y":0.8573501110076904,"z":1.5},"rotation":{"x":0.016978424042463304,"y":0.9261064529418945,"z":-0.37453463673591616,"w":0.0419822633266449},"size":1.2014034986495972,"orthographic":false}