{"cameraMode":{"drawMode":0,"name":"Shaded","section":"Shading Mode"},"sceneLighting":false,"audioPlay":false,"sceneViewState":{"showFog":true,"showMaterialUpdate":true,"showSkybox":false,"showFlares":true,"showImageEffects":true,"showParticleSystems":true},"in2DMode":false,"pivot":{"x":0.4982987940311432,"y":1.0580363273620606,"z":0.14882516860961915},"rotation":{"x":0.24012067914009095,"y":0.19781896471977235,"z":-0.05004991963505745,"w":0.9490553140640259},"size":0.4121553897857666,"orthographic":false}